{
    "dc6236dc11deeb9140adde605e5c2030": {
        "type": "Apartment",
        "location": "San Mart\u00edn 123",
        "rooms": 2,
        "surface": 30.0,
        "state": 0,
        "cost": null,
        "tenant": null,
        "floor": 1,
        "number": "2D",
        "balcony": false,
        "garden": null,
        "business_type": null
    },
    "283d853d5b9fe5f89f89ef90cd2031ef": {
        "type": "House",
        "location": "Roca 123",
        "rooms": 4,
        "surface": 60.0,
        "state": 0,
        "cost": null,
        "tenant": null,
        "floor": null,
        "number": null,
        "balcony": null,
        "garden": true,
        "business_type": null
    },
    "e52ff3f540b36581ff01a1be50291aa0": {
        "type": "Shop",
        "location": "Zapiola 123",
        "rooms": 3,
        "surface": 40.0,
        "state": 1,
        "cost": 420.0,
        "tenant": "Juanito Perez",
        "floor": null,
        "number": null,
        "balcony": null,
        "garden": null,
        "business_type": 1
    },
    "b9758dcbb277ab9f6769da0f8004f2e8": {
        "type": "House",
        "location": "Urquiza 123",
        "rooms": 2,
        "surface": 20.0,
        "state": 1,
        "cost": 10.0,
        "tenant": "Jos\u00e9 Lopez",
        "floor": null,
        "number": null,
        "balcony": null,
        "garden": true,
        "business_type": null
    },
    "0705d9ba5c235584081ebea07ede33ec": {
        "type": "Apartment",
        "location": "Estrada 123",
        "rooms": 2,
        "surface": 20.0,
        "state": 0,
        "cost": 1200.0,
        "tenant": "Anacleta Diaz",
        "floor": 1,
        "number": "C",
        "balcony": true,
        "garden": null,
        "business_type": null
    },
    "44f956e2612f82fe825218a3473fedc1": {
        "type": "Apartment",
        "location": "Alberdi 23",
        "rooms": 2,
        "surface": 200.0,
        "state": 1,
        "cost": 2000.0,
        "tenant": "Gerardo",
        "floor": 1,
        "number": "A",
        "balcony": true,
        "garden": null,
        "business_type": null
    }
}